﻿pos_x,pos_y,rotation,side,designator,mpn,pack,value,mount_type,place
165.75,-95.25,0.0,top,,,,,tht,True
165.75,-97.25,0.0,top,,,,,tht,True
137.95,-99.75,0.0,bottom,C1,,C_0805_2012Metric,0.1uF,smt,True
133.75,-87.25,90.0,top,C10,,C_0603_1608Metric,10uF,smt,True
128.95,-74.75,90.0,bottom,C11,,C_0805_2012Metric,0.1uF,smt,True
126.95,-74.75,90.0,bottom,C12,,C_0805_2012Metric,1.0uF,smt,True
137.95,-101.75,0.0,bottom,C2,,C_0805_2012Metric,1.0uF,smt,True
131.05,-90.95,90.0,bottom,C3,,C_0805_2012Metric,0.1uF,smt,True
129.05,-90.95,90.0,bottom,C4,,C_0805_2012Metric,1.0uF,smt,True
152.0,-102.75,0.0,bottom,C5,,C_0805_2012Metric,1.0uF,smt,True
145.457181,-94.785355,180.0,bottom,C6,,C_0805_2012Metric,1.0uF,smt,True
145.45,-88.25,180.0,bottom,C7,,C_0805_2012Metric,1.0uF,smt,True
151.95,-96.25,0.0,bottom,C8,,C_0805_2012Metric,1.0uF,smt,True
152.2,-89.5,0.0,bottom,C9,,C_0805_2012Metric,1.0uF,smt,True
152.65,-100.5,0.0,bottom,D1,,D_SOD-123,1N4148W,smt,True
144.85,-99.0,180.0,bottom,D2,,D_SOD-123,1N4148W,smt,True
144.75,-92.5,180.0,bottom,D3,,D_SOD-123,1N4148W,smt,True
152.65,-91.75,0.0,bottom,D4,,D_SOD-123,1N4148W,smt,True
152.6,-84.935,0.0,bottom,D5,,D_SOD-123,1N4148W,smt,True
129.9,-65.0,90.0,top,J1,,JST_GH_SM08B-GHS-TB_1x08-1MP_P1.25mm_Horizontal,Conn_01x08,smt,True
132.08,-96.13,0.0,top,J2,,CUI_MSD-11-A,Micro_SD_Card_Det1,smt,True
161.25,-78.0,0.0,bottom,J3,,JST_PH_S2B-PH-K_1x02_P2.00mm_Horizontal,Conn_01x02,tht,True
179.0,-54.525,90.0,bottom,J4,,TE_2337019-1,2337019-1,smt,True
155.5,-98.25,180.0,bottom,R1,,R_0805_2012Metric,10K,smt,True
151.95,-87.435,0.0,bottom,R10,,R_0805_2012Metric,10K,smt,True
136.075,-88.0,0.0,top,R11,,R_0603_1608Metric,100K,smt,True
136.075,-86.5,180.0,top,R12,,R_0603_1608Metric,2R2,smt,True
129.5,-100.925,90.0,bottom,R13,,R_0603_1608Metric,0R,smt,True
130.375,-88.5,180.0,bottom,R14,,R_0603_1608Metric,0R,smt,True
127.5,-88.0,0.0,top,R16,,R_0603_1608Metric,10K,smt,True
151.9125,-98.25,0.0,bottom,R2,,R_0805_2012Metric,10K,smt,True
145.1625,-73.0,180.0,bottom,R22,,R_0805_2012Metric,10K,smt,True
145.1625,-67.0,0.0,bottom,R23,,R_0805_2012Metric,10K,smt,True
145.1625,-69.0,0.0,bottom,R24,,R_0805_2012Metric,10K,smt,True
145.1625,-71.0,0.0,bottom,R25,,R_0805_2012Metric,10K,smt,True
142.0875,-96.75,0.0,bottom,R3,,R_0805_2012Metric,10K,smt,True
145.5,-96.75,180.0,bottom,R4,,R_0805_2012Metric,10K,smt,True
141.825,-90.25,0.0,bottom,R5,,R_0805_2012Metric,10K,smt,True
145.4125,-90.25,180.0,bottom,R6,,R_0805_2012Metric,10K,smt,True
155.5,-94.25,180.0,bottom,R7,,R_0805_2012Metric,10K,smt,True
151.9125,-94.25,0.0,bottom,R8,,R_0805_2012Metric,10K,smt,True
155.5375,-87.435,180.0,bottom,R9,,R_0805_2012Metric,10K,smt,True
152.5,-92.5,-135.0,top,SW1,,5-position,5_position_tactile,smt,True
133.525,-91.025001,90.0,bottom,U1,,PG-VLGA-8-2_INF,DPS368XTSA1,smt,True
133.135,-98.975,90.0,bottom,U2,,SOIC-8_3.9x4.9mm_P1.27mm,DS3231M,smt,True
136.65,-78.245,0.0,bottom,U3,,SOIC-28W_7.5x17.9mm_P1.27mm,MCP23017_SO,smt,True
148.525,-78.69,0.0,bottom,U4,,SOIC-14_3.9x8.7mm_P1.27mm,74HC14,smt,True
169.5,-94.88,0.0,bottom,U5,,XIAO-nRF52840-Sense-14P-2.54-21X17.8MM,Seeed Studio XIAO SAMD21,smt,True
173.9,-68.0,90.0,bottom,U6,,XCVR_MAX-M8C-0,MAX-M8C-0,smt,True
