﻿designator,quantity,value,pack,mpn,mount_type
", ",2,,,,tht
"C1, C11, C3",3,0.1uF,C_0805_2012Metric,,smt
C10,1,10uF,C_0603_1608Metric,,smt
"C12, C2, C4, C5, C6, C7, C8, C9",8,1.0uF,C_0805_2012Metric,,smt
"D1, D2, D3, D4, D5",5,1N4148W,D_SOD-123,,smt
J1,1,Conn_01x08,JST_GH_SM08B-GHS-TB_1x08-1MP_P1.25mm_Horizontal,,smt
J2,1,Micro_SD_Card_Det1,CUI_MSD-11-A,,smt
J3,1,Conn_01x02,JST_PH_S2B-PH-K_1x02_P2.00mm_Horizontal,,tht
J4,1,2337019-1,TE_2337019-1,,smt
"R1, R10, R2, R22, R23, R24, R25, R3, R4, R5, R6, R7, R8, R9",14,10K,R_0805_2012Metric,,smt
R11,1,100K,R_0603_1608Metric,,smt
R12,1,2R2,R_0603_1608Metric,,smt
"R13, R14",2,0R,R_0603_1608Metric,,smt
R16,1,10K,R_0603_1608Metric,,smt
SW1,1,5_position_tactile,5-position,,smt
U1,1,DPS368XTSA1,PG-VLGA-8-2_INF,,smt
U2,1,DS3231M,SOIC-8_3.9x4.9mm_P1.27mm,,smt
U3,1,MCP23017_SO,SOIC-28W_7.5x17.9mm_P1.27mm,,smt
U4,1,74HC14,SOIC-14_3.9x8.7mm_P1.27mm,,smt
U5,1,Seeed Studio XIAO SAMD21,XIAO-nRF52840-Sense-14P-2.54-21X17.8MM,,smt
U6,1,MAX-M8C-0,XCVR_MAX-M8C-0,,smt
