﻿Designator,Quantity,Value,Footprint,Package,MPN,DNP,Mount_Type,Description,Digikiey PN,Sim.Device,Sim.Pins,Manufacturer,Manufacturer PN,PARTREV,STANDARD,MAXIMUM_PACKAGE_HEIGHT,MANUFACTURER,PRICE,MP,AVAILABILITY,MF,Price,Check_prices,SnapEDA_Link,Description_1,Availability,SNAPEDA_PN,DESCRIPTION
", ",2,,,,,,tht,,,,,,,,,,,,,,,,,,,,,
"C1, C11, C13, C3",4,0.1uF,C_0805_2012Metric,,,,smt,Unpolarized capacitor,1276-2442-1-ND,,,,,,,,,,,,,,,,,,,
"C10, C19",2,10uF,C_0603_1608Metric,,,,smt,Unpolarized capacitor,1276-1038-1-ND,,,,,,,,,,,,,,,,,,,
"C12, C14, C2, C4, C5, C6, C7, C8, C9",9,1.0uF,C_0805_2012Metric,,,,smt,Unpolarized capacitor,1276-1066-1-ND,,,,,,,,,,,,,,,,,,,
"C16, C21",2,33pF,C_0603_1608Metric,,,,smt,Unpolarized capacitor,399-C0603C330K3RACTUCT-ND,,,,,,,,,,,,,,,,,,,
"C17, C20",2,100nF,C_0603_1608Metric,,,,smt,Unpolarized capacitor,399-C0603C104K3RACTUCT-ND,,,,,,,,,,,,,,,,,,,
C18,1,4.7uF,C_0603_1608Metric,,,,smt,Unpolarized capacitor,1276-1044-1-ND,,,,,,,,,,,,,,,,,,,
"D1, D2, D3, D4, D5",5,1N4148W,D_SOD-123,,,,smt,"100V 0.15A High-speed standard diode, SOD-123",1655-1N4148WCT-ND,D,1=K 2=A,Taiwan Semiconductor Corporation,1N4148W RHG,,,,,,,,,,,,,,,
"D6, D7",2,PTVS5V0Z1USK,Nexperia_DSN1608-2_1.6x0.8mm,,,,smt,"5V, 1200W TVS unidirectional diode, DSN1608-2",1727-2742-1-ND,,,,,,,,,,,,,,,,,,,
J1,1,62684-402100ALF,AMPHENOL_62684-402100ALF,,,,smt,,609-1200-1-ND,,,,,AK,Manufacturer Recommendations,2.00mm,Amphenol,,,,,,,,,,,
J2,1,Micro_SD_Card_Det1,CUI_MSD-4-A,,,,smt,Micro SD Card Socket with one card detection pin,2223-MSD-4-ACT-ND,,,Same Sky (Formerly CUI Devices),MSD-4-A,,,,,,,,,,,,,,,
J3,1,Conn_01x02,JST_PH_S2B-PH-K_1x02_P2.00mm_Horizontal,,,,tht,"Generic connector, single row, 01x02, script generated (kicad-library-utils/schlib/autogen/connector/)",  455-1719-ND,,,JST Sales America Inc.,CONN HEADER R/A 2POS 2MM,,,,,,,,,,,,,,,
J5,1,U.FL-R-SMT-1_10_,HRS_U.FL-R-SMT-1_10_,None,,,smt,U.FL Series 6 Ghz 50 Ohm Ultra-small SMT Coaxial Cable Receptacle,H11891CT-ND,,,,,,Manufacturer Recommendation,,Hirose,0.71 USD,U.FL-R-SMT-1_10_,Good,,,,,,,,
Q1,1,SS8050,SOT-23,,,,smt,"General Purpose NPN Transistor, 1.5A Ic, 25V Vce, SOT-23",,,,,,,,,,,,,,,,,,,,
"R1, R10, R2, R22, R23, R24, R25, R3, R4, R5, R6, R7, R8, R9",14,10K,R_0805_2012Metric,,,,smt,Resistor,RMCF0805JT10K0CT-ND,,,,,,,,,,,,,,,,,,,
"R11, R16, R17",3,100K,R_0603_1608Metric,,,,smt,Resistor,RMCF0603FT100KCT-ND,,,,,,,,,,,,,,,,,,,
R12,1,2R2,R_0603_1608Metric,,,,smt,Resistor,RMCF0603FT2R20CT-ND,,,,,,,,,,,,,,,,,,,
"R13, R14",2,0R,R_0603_1608Metric,,,,smt,Resistor,,,,,,,,,,,,,,,,,,,,
R36,1,47R,R_0603_1608Metric,,,,smt,Resistor,RMCF0805JT10K0CT-ND,,,,,,,,,,,,,,,,,,,
R37,1,10K,R_0603_1608Metric,,,,smt,Resistor,RMCF0805JT10K0CT-ND,,,,,,,,,,,,,,,,,,,
R38,1,1K,R_0603_1608Metric,,,,smt,Resistor,RMCF0805JT10K0CT-ND,,,,,,,,,,,,,,,,,,,
SW1,1,5_position_tactile,5-position,,,,smt,Single Pole Single Throw (SPST) switch,450-2425755-1CT-ND,,,TE Connectivity ALCOSWITCH Switches,2425755-1,,,,,,,,,,,,,,,
U1,1,DPS368XTSA1,PG-VLGA-8-2_INF,,,,smt,,DPS368XTSA1CT-ND,,,Infineon Technologies,DPS368XTSA1,,,,,,,,,,,,,,,
"U10, U6, U8",3,MAX40200AUK,SOT-23-5,,,,smt,"Ideal Diode, Ultra-Low Voltage Drop, 1.5-5.5V, 1A, SOT-23-5",MAX40200AUK+TCT-ND,,,,,,,,,,,,,,,,,,,
U2,1,DS3231M,SOIC-8_3.9x4.9mm_P1.27mm,,,,smt,Extremely Accurate I2C-Integrated RTC/TCXO/Crystal SOIC-16,DS3231MZ+-ND,,,Analog Devices Inc./Maxim Integrated,DS3231MZ+,,,,,,,,,,,,,,,
U3,1,MCP23017_SO,SOIC-28W_7.5x17.9mm_P1.27mm,,,,smt,"16-bit I/O expander, I2C, interrupts, w pull-ups, SOIC-28",MCP23017T-E/SOCT-ND,,,Microchip Technology,MCP23017T-E/SO,,,,,,,,,,,,,,,
U4,1,74HC14,SOIC-14_3.9x8.7mm_P1.27mm,,,,smt,Hex inverter schmitt trigger,74HC14DCT-ND,,,Toshiba Semiconductor and Storage,74HC14D,,,,,,,,,,,,,,,
U5,1,Seeed Studio XIAO SAMD21,XIAO-nRF52840-Sense-14P-2.54-21X17.8MM,,,,smt,,,,,,,,,,,,,,,,,,,,,
U7,1,LC76G,XCVR_LC76G,Package,,,smt,,2958-LC76GPAMDCT-ND,,,,,1.0,Manufacturer Recommendations,2.70mm,Quectel,,LC76G,,Quectel,None,https://www.snapeda.com/parts/LC76G/Quectel/view-part/?ref=eda,https://www.snapeda.com/parts/LC76G/Quectel/view-part/?ref=snap,"GNSS module; 10.1mm  9.7mm  2.4mm; 0.3g; GPS, GLONASS (or BeiDou) and QZSS; Operating temperature of -40C to +85C.",Not in stock,LC76G,
U9,1,W25N01GVZEIG_TR,SON127P800X600X80-9N,WSON-8 Winbond,,,smt,,256-W25N01GVZEIGTRCT-ND,,,,,,IPC7351B,,Winbond Electronics,None,W25N01GVZEIG TR,,Winbond Electronics,None,https://www.snapeda.com/parts/W25N01GVZEIG%20TR/Winbond/view-part/?ref=eda,https://www.snapeda.com/parts/W25N01GVZEIG%20TR/Winbond/view-part/?ref=snap,FLASH - NAND Memory IC 1Gb (128M x 8) SPI 104 MHz 8-WSON (8x6),In Stock,,Ic Flash 1gbit 104mhz 8wson
