﻿pos_x,pos_y,rotation,side,designator,mpn,pack,footprint,value,mount_type
161.3,-126.0,0.0,top,,,,,,tht
161.3,-128.0,0.0,top,,,,,,tht
156.3,-99.62,90.0,bottom,C1,,,C_0805_2012Metric,0.1uF,smt
131.6,-118.325,90.0,top,C10,,,C_0603_1608Metric,10uF,smt
124.5,-105.5,90.0,bottom,C11,,,C_0805_2012Metric,0.1uF,smt
122.5,-105.5,90.0,bottom,C12,,,C_0805_2012Metric,1.0uF,smt
132.825,-89.2,180.0,bottom,C16,,,C_0603_1608Metric,33pF,smt
132.825,-87.6,180.0,bottom,C17,,,C_0603_1608Metric,100nF,smt
132.825,-86.0,180.0,bottom,C18,,,C_0603_1608Metric,4.7uF,smt
132.875,-76.6,180.0,bottom,C19,,,C_0603_1608Metric,10uF,smt
158.3,-99.62,90.0,bottom,C2,,,C_0805_2012Metric,1.0uF,smt
132.875,-78.2,180.0,bottom,C20,,,C_0603_1608Metric,100nF,smt
132.875,-79.8,180.0,bottom,C21,,,C_0603_1608Metric,33pF,smt
130.85,-93.8,0.0,bottom,C3,,,C_0805_2012Metric,0.1uF,smt
130.85,-91.8,0.0,bottom,C4,,,C_0805_2012Metric,1.0uF,smt
147.55,-133.5,0.0,bottom,C5,,,C_0805_2012Metric,1.0uF,smt
141.007181,-125.535355,180.0,bottom,C6,,,C_0805_2012Metric,1.0uF,smt
141.0,-119.0,180.0,bottom,C7,,,C_0805_2012Metric,1.0uF,smt
147.5,-127.0,0.0,bottom,C8,,,C_0805_2012Metric,1.0uF,smt
147.75,-120.25,0.0,bottom,C9,,,C_0805_2012Metric,1.0uF,smt
148.2,-131.25,0.0,bottom,D1,,,D_SOD-123,1N4148W,smt
140.4,-129.75,180.0,bottom,D2,,,D_SOD-123,1N4148W,smt
140.3,-123.25,180.0,bottom,D3,,,D_SOD-123,1N4148W,smt
148.2,-122.5,0.0,bottom,D4,,,D_SOD-123,1N4148W,smt
148.15,-115.685,0.0,bottom,D5,,,D_SOD-123,1N4148W,smt
133.315,-84.6,180.0,bottom,D6,,,Nexperia_DSN1608-2_1.6x0.8mm,PTVS5V0Z1USK,smt
133.215,-75.2,180.0,bottom,D7,,,Nexperia_DSN1608-2_1.6x0.8mm,PTVS5V0Z1USK,smt
148.05,-57.425,0.0,bottom,J1,,,AMPHENOL_62684-402100ALF,62684-402100ALF,smt
129.25,-128.95,0.0,top,J2,,,CUI_MSD-4-A,Micro_SD_Card_Det1,smt
162.65,-110.4,-90.0,bottom,J3,,,JST_PH_S2B-PH-K_1x02_P2.00mm_Horizontal,Conn_01x02,tht
176.26,-83.5,90.0,bottom,J5,,None,HRS_U.FL-R-SMT-1_10_,U.FL-R-SMT-1_10_,smt
151.05,-129.0,180.0,bottom,R1,,,R_0805_2012Metric,10K,smt
147.5,-118.185,0.0,bottom,R10,,,R_0805_2012Metric,10K,smt
123.7,-112.8,-90.0,top,R12,,,R_0603_1608Metric,2R2,smt
157.475,-108.07,180.0,bottom,R13,,,R_0603_1608Metric,0R,smt
133.3,-93.125,90.0,bottom,R14,,,R_0603_1608Metric,0R,smt
128.3,-118.5,-90.0,top,R15,,,R_0603_1608Metric,100K,smt
124.5,-115.2,0.0,top,R16,,,R_0603_1608Metric,100K,smt
123.8,-117.5,-90.0,top,R17,,,R_0603_1608Metric,100K,smt
147.4625,-129.0,0.0,bottom,R2,,,R_0805_2012Metric,10K,smt
140.7125,-103.75,180.0,bottom,R22,,,R_0805_2012Metric,10K,smt
140.7125,-97.75,0.0,bottom,R23,,,R_0805_2012Metric,10K,smt
140.7125,-99.75,0.0,bottom,R24,,,R_0805_2012Metric,10K,smt
140.7125,-101.75,0.0,bottom,R25,,,R_0805_2012Metric,10K,smt
137.6375,-127.5,0.0,bottom,R3,,,R_0805_2012Metric,10K,smt
141.05,-127.5,180.0,bottom,R4,,,R_0805_2012Metric,10K,smt
137.375,-121.0,0.0,bottom,R5,,,R_0805_2012Metric,10K,smt
140.9625,-121.0,180.0,bottom,R6,,,R_0805_2012Metric,10K,smt
151.05,-125.0,180.0,bottom,R7,,,R_0805_2012Metric,10K,smt
147.4625,-125.0,0.0,bottom,R8,,,R_0805_2012Metric,10K,smt
151.0875,-118.185,180.0,bottom,R9,,,R_0805_2012Metric,10K,smt
148.05,-123.25,-135.0,top,SW1,,,5-position,5_position_tactile,smt
130.774999,-96.275,0.0,bottom,U1,,,PG-VLGA-8-2_INF,DPS368XTSA1,smt
156.6,-112.5625,90.0,top,U10,,,SOT-23-5,MAX40200AUK,smt
155.525,-104.435,180.0,bottom,U2,,,SOIC-8_3.9x4.9mm_P1.27mm,DS3231M,smt
132.2,-108.995,0.0,bottom,U3,,,SOIC-28W_7.5x17.9mm_P1.27mm,MCP23017_SO,smt
144.075,-109.44,0.0,bottom,U4,,,SOIC-14_3.9x8.7mm_P1.27mm,74HC14,smt
165.05,-125.63,0.0,bottom,U5,,,XIAO-nRF52840-Sense-14P-2.54-21X17.8MM,Seeed Studio XIAO SAMD21,smt
132.2625,-82.25,0.0,bottom,U6,,,SOT-23-5,MAX40200AUK,smt
143.25,-86.8,0.0,bottom,U7,,Package,XCVR_LC76G,LC76G,smt
132.3625,-72.75,0.0,bottom,U8,,,SOT-23-5,MAX40200AUK,smt
169.7,-104.4,180.0,bottom,U9,,WSON-8 Winbond,SON127P800X600X80-9N,W25N01GVZEIG_TR,smt
